"25 to 29 years","30 to 34 years","35 to 39 years","40 to 44 years","45 to 49 years","50 to 54 years","55 to 59 years","60 and 61 years","62 to 64 years","65 and 66 years","67 to 69 years","70 to 74 years","75 to 79 years","80 to 84 years","85 years and over"
3,0,193,37,210,185,113,18,36,53,0,39,49,25,70
56,72,305,167,57,112,93,28,139,44,122,167,38,0,35
144,252,62,0,22,76,98,25,68,47,115,0,22,0,15
102,80,126,58,80,211,459,88,90,27,61,81,37,87,28
24,61,0,68,23,69,81,0,25,0,12,27,79,51,0
43,74,0,0,0,0,0,0,0,0,0,0,0,0,0
103,113,196,75,116,190,111,39,165,49,72,101,35,0,16
12,67,52,55,110,68,51,112,21,43,21,0,0,0,17
304,158,31,159,295,248,189,0,134,69,48,47,188,354,41
103,53,22,51,138,147,0,44,60,42,19,0,27,30,0
55,50,237,241,113,76,322,43,139,0,14,0,76,173,63
29,0,175,233,108,112,131,34,30,55,18,0,12,0,17
128,57,81,65,0,98,43,155,33,101,51,144,23,0,43
55,127,215,368,27,94,170,123,13,10,44,38,71,0,12
0,178,125,41,81,43,123,32,30,16,60,7,52,19,16
38,82,69,61,79,118,82,95,59,14,0,27,20,43,32
0,55,92,125,12,49,74,11,11,34,44,29,43,29,21
135,138,284,180,152,151,104,58,39,24,56,96,51,0,25
82,102,133,81,224,102,57,61,105,14,66,97,67,36,53
45,297,191,135,134,116,253,108,143,0,14,72,0,0,15
9,17,11,30,96,10,0,0,74,38,82,63,8,0,12
9,150,124,84,24,71,94,23,18,31,0,18,52,0,12
112,78,220,130,126,213,77,58,31,35,70,141,48,20,12
435,41,270,158,125,167,326,147,77,12,1,0,115,90,0
41,40,63,263,221,136,59,15,36,7,37,69,74,78,64
93,22,75,160,75,84,49,68,85,96,0,20,60,36,19
81,124,279,179,32,146,64,59,23,8,22,59,43,29,18
182,83,68,8,27,12,15,13,0,0,10,13,0,0,0
100,51,36,301,194,215,309,81,39,32,47,50,38,23,36
86,352,147,70,220,190,44,16,105,66,6,12,19,0,0
267,226,273,169,49,199,204,3,123,47,111,28,5,0,0
239,73,25,28,0,56,23,29,0,0,0,16,0,14,0
157,69,56,108,110,59,75,52,33,59,61,71,18,27,32
35,14,17,45,12,65,49,53,51,36,31,74,32,15,12
184,106,62,277,75,128,73,72,106,24,33,72,12,30,17
36,180,187,67,216,85,200,0,57,13,43,40,28,46,13
86,39,92,0,10,42,36,6,20,21,0,0,36,0,0
13,80,221,169,188,137,87,38,43,7,318,92,31,17,16
447,145,225,296,85,125,516,34,116,61,41,110,206,5,27
47,92,16,7,22,18,71,10,98,0,10,21,81,18,0
15,120,101,63,211,104,108,38,57,136,22,56,45,42,6
109,115,124,43,71,133,87,9,23,9,8,13,0,0,0
62,178,137,78,88,62,153,19,52,39,92,70,56,0,24
15,7,8,77,36,54,31,0,24,31,49,51,52,29,30
270,74,97,101,203,256,321,13,82,84,14,89,34,7,9
138,136,40,100,23,40,138,81,96,79,32,25,0,28,8
94,37,27,128,88,178,220,100,68,21,61,42,26,0,36
98,89,17,68,13,17,56,47,20,9,8,0,0,79,58
77,92,94,91,31,121,192,8,45,41,62,29,17,19,43
124,120,106,173,37,204,151,73,86,40,36,49,26,13,15
40,44,32,135,66,52,46,31,13,16,60,41,23,140,2
155,155,243,121,132,201,174,41,91,101,80,98,61,25,26
51,81,56,57,59,97,88,54,46,65,79,67,9,16,31
19,45,103,241,42,22,19,30,72,35,30,61,54,23,81
147,58,73,48,39,19,37,0,89,64,33,70,40,0,0
52,48,0,71,32,56,48,18,39,0,10,36,31,9,8
57,34,39,25,29,89,100,10,0,23,9,26,19,0,0
187,228,218,183,209,224,139,72,109,334,147,131,31,53,130
130,39,61,35,128,48,64,0,31,0,0,34,0,0,11
226,160,96,36,101,203,271,48,79,13,58,65,144,39,14
140,470,139,143,69,160,142,82,126,132,55,83,15,88,17
95,17,37,132,29,183,0,0,14,6,0,0,0,97,0
33,82,101,143,95,106,41,12,60,12,0,99,88,49,86
343,330,110,94,50,46,173,50,28,0,71,19,0,16,0
49,229,43,11,21,54,121,123,87,13,65,0,9,0,0
274,511,133,24,73,117,126,85,144,46,0,29,1,36,135
125,97,0,36,32,150,322,23,14,21,0,37,0,14,15
54,20,0,50,98,47,21,0,43,34,18,30,0,34,0
81,195,0,78,48,80,96,96,43,8,1,91,140,1,35
498,182,91,88,117,138,246,21,90,55,0,112,0,20,0
116,66,128,13,31,71,50,29,61,29,61,58,104,33,0
101,103,81,75,203,233,182,17,57,54,47,37,17,14,23
199,71,145,106,64,39,68,28,39,10,52,31,4,21,37
42,43,40,43,71,52,41,14,61,41,62,69,49,48,17
81,95,138,149,130,73,83,40,76,56,19,98,62,44,40
74,21,34,91,79,168,102,38,65,22,10,36,15,0,57
15,75,117,160,182,89,136,34,66,23,73,113,102,3,12
62,120,92,81,232,112,181,32,29,40,129,248,117,162,172
42,8,111,59,105,89,27,37,49,10,61,47,24,13,51
67,20,117,69,72,90,50,22,159,121,9,23,34,24,11
36,86,96,45,115,225,124,25,19,57,89,70,49,15,0
0,24,185,312,275,120,32,23,11,11,9,33,16,37,52
86,49,111,203,164,120,187,49,71,39,70,114,90,49,74
74,210,212,73,138,122,170,53,75,30,80,63,81,48,24
49,34,155,116,125,154,106,34,42,62,20,73,38,30,5
52,35,48,158,181,61,249,66,32,46,60,44,91,25,36
125,36,186,211,175,81,38,57,26,7,39,40,0,0,29
8,90,72,215,43,66,99,0,0,28,7,0,0,0,0
42,61,61,286,12,43,86,15,68,136,0,27,0,0,0
15,77,115,181,125,171,55,33,102,76,56,83,0,42,0
38,11,39,76,147,73,85,8,32,29,46,18,0,9,54
0,16,0,42,49,51,20,24,6,12,76,77,0,5,9
102,56,120,61,151,239,183,95,82,75,69,40,16,44,116
30,40,93,67,116,48,83,23,10,24,22,110,33,7,13
34,0,44,25,41,101,34,33,15,13,0,55,0,40,0
69,9,56,137,153,37,107,6,96,22,1,63,21,16,45
40,24,27,96,45,60,23,19,58,22,19,89,21,31,60
53,182,340,175,201,87,71,0,0,0,40,0,44,0,0
123,137,40,223,123,234,102,144,73,0,59,64,0,24,22
61,11,95,73,144,40,76,52,20,0,25,0,97,58,8
31,0,82,19,38,113,23,21,29,0,65,8,0,49,0
0,0,0,0,0,0,0,23,0,0,0,0,0,0,0
164,744,503,204,60,132,148,64,37,47,27,26,5,0,0
187,44,58,216,0,10,52,14,15,48,119,23,30,4,0
68,147,296,120,78,140,68,38,59,21,17,78,39,7,8
55,19,23,58,78,107,124,43,23,22,24,59,42,51,8
35,96,205,117,113,72,90,92,177,127,66,26,21,49,0
9,23,12,29,72,60,38,37,92,16,26,90,40,15,0
173,36,139,72,162,72,15,0,0,0,0,0,19,0,0
218,295,454,199,255,122,0,0,21,0,0,0,0,0,0
78,6,77,121,174,55,66,30,38,20,46,76,63,25,47
42,69,56,198,52,71,53,27,11,39,0,84,0,0,0
134,221,239,171,136,67,107,19,65,63,44,72,22,7,70
269,395,178,190,66,218,147,16,71,22,36,14,53,24,81
221,223,140,23,114,262,47,0,35,0,36,45,0,34,0
43,346,486,384,40,32,107,42,4,0,0,59,41,0,0
26,50,85,125,30,64,57,0,6,16,20,23,0,14,23
69,176,47,38,74,144,117,49,54,40,35,108,0,9,41
67,80,99,4,81,81,30,26,77,49,59,52,17,39,45
92,25,57,13,35,80,121,28,136,85,33,36,21,0,41
19,81,41,22,62,10,18,18,0,31,43,84,23,18,8
59,55,13,60,49,51,88,18,72,30,28,35,10,28,16
31,48,49,51,86,63,101,0,55,12,0,21,36,3,9
41,139,223,62,183,63,111,95,131,57,73,133,28,117,49
44,76,169,173,172,25,176,22,88,101,140,28,57,10,43
91,68,45,31,43,27,145,50,47,9,8,0,11,0,0
250,65,135,132,91,122,99,40,77,15,154,157,102,0,43
40,85,106,130,19,29,66,0,30,10,21,10,21,0,5
65,116,102,149,179,26,131,0,18,40,80,59,0,18,0
59,56,42,0,32,72,60,115,32,14,10,42,5,20,16
88,97,67,85,139,89,157,37,51,53,31,110,133,0,11
119,93,40,165,53,55,105,9,96,24,10,38,28,34,9
148,0,64,44,113,104,72,104,61,22,38,74,119,23,41
167,62,135,98,38,67,10,33,37,50,44,177,14,0,10
151,503,307,64,37,32,23,11,31,5,0,73,56,11,35
177,201,147,91,65,50,42,20,74,20,83,75,65,0,10
96,143,72,171,71,34,53,34,32,12,13,46,60,43,41
14,105,60,14,53,23,163,56,46,6,5,8,23,9,33
201,178,381,158,248,219,115,37,45,30,19,8,19,21,0
185,55,54,240,46,8,20,0,0,11,0,0,0,0,0
2,10,0,0,0,0,12,2,0,0,0,0,0,0,0
26,0,0,0,0,21,22,0,0,0,0,0,21,0,0
178,137,122,233,76,120,45,20,38,40,43,46,39,58,57
35,39,41,102,191,85,150,106,39,13,53,18,82,45,12
250,125,19,133,81,41,66,112,46,42,80,79,95,45,162
28,60,59,58,55,20,35,36,42,25,10,23,25,23,12
15,0,39,105,38,41,88,40,11,0,11,53,28,36,42
109,41,62,39,51,53,13,21,7,0,34,61,15,8,44
91,44,38,5,82,60,155,26,31,0,57,56,9,0,11
60,119,89,95,19,72,94,73,9,54,86,35,11,9,19
78,303,71,217,78,63,81,29,21,0,88,45,62,39,93
304,260,318,234,131,153,121,35,78,22,52,55,63,22,23
77,37,66,63,47,25,34,0,60,49,14,20,21,7,37
112,14,194,158,150,71,49,17,11,25,43,65,35,26,22
51,60,78,22,58,76,94,16,25,45,20,29,6,23,10
53,33,33,121,75,230,75,44,42,26,28,58,26,8,49
38,61,50,98,59,101,57,43,36,22,42,6,32,34,69
52,30,86,51,73,103,73,2,64,9,16,35,18,2,4
17,159,132,160,119,119,80,19,94,38,92,93,45,20,11
45,129,37,49,62,219,35,39,146,105,51,88,51,1,39
28,15,66,114,105,37,15,30,27,23,23,55,12,0,17
158,54,131,157,122,55,140,51,85,60,65,15,31,8,0
91,171,100,191,108,211,102,54,123,27,86,46,66,40,10
35,70,85,79,110,433,138,19,49,17,22,26,31,28,25
98,149,105,133,138,165,148,89,54,28,10,99,60,10,24
83,119,263,130,39,107,134,26,176,121,89,95,55,17,8
129,43,191,72,123,144,81,193,221,120,19,194,92,56,127
78,37,316,66,27,128,106,27,27,0,66,35,84,14,34
47,83,9,33,25,44,16,32,29,8,26,15,0,0,11
61,29,78,0,64,7,35,12,43,8,69,44,24,0,18
31,59,73,20,55,51,101,27,47,64,26,66,0,16,25
99,94,85,65,77,77,79,70,84,105,97,77,42,47,51
27,149,76,56,45,89,105,29,54,54,0,169,39,3,2
0,77,78,54,92,69,106,19,178,113,31,43,13,54,0
222,42,131,100,115,101,108,0,50,33,41,76,19,24,18
40,11,57,131,77,82,45,28,34,119,51,130,4,12,0
0,154,0,244,74,16,134,32,43,29,84,23,27,20,40
308,207,221,126,269,109,368,97,113,155,27,108,25,86,75
12,180,241,162,31,21,28,66,22,46,158,170,165,109,0
121,55,25,0,35,167,48,79,72,28,58,36,11,47,0
25,36,38,132,41,10,201,24,27,11,0,20,208,38,0
355,36,75,89,60,110,182,164,34,0,199,157,47,15,14
18,6,13,50,167,61,77,0,39,10,0,16,37,16,0
38,46,54,19,227,138,31,15,16,19,75,28,30,0,0
48,55,11,68,74,13,60,12,24,61,12,17,21,12,33
12,53,60,37,46,45,13,13,23,39,86,32,19,11,84
203,211,127,84,113,87,130,21,71,23,65,149,212,19,38
169,257,362,40,19,110,90,58,67,87,41,14,11,9,36
69,101,91,80,114,126,99,33,22,59,69,383,60,25,13
65,45,32,74,36,39,123,92,35,24,59,63,30,28,49
112,51,20,16,74,50,31,16,53,0,6,29,0,16,33
14,48,66,0,60,56,0,41,16,0,0,16,35,16,85
244,175,95,186,114,251,165,0,101,50,122,13,130,0,15
204,229,207,39,281,142,138,82,104,52,22,14,0,105,35
164,0,0,15,121,143,0,0,14,0,28,15,0,0,0
73,42,114,83,82,133,71,46,43,68,26,29,7,64,20
40,16,158,59,159,229,42,8,23,31,35,24,22,23,25
107,132,33,105,33,111,137,25,20,9,7,7,0,20,22
185,264,136,85,476,126,130,20,55,38,93,48,15,15,44
71,38,30,48,69,7,9,14,30,10,17,88,9,10,25
65,134,46,47,137,63,19,18,56,74,0,186,17,10,15
51,55,86,198,18,77,65,27,20,0,5,0,0,0,12
41,135,24,171,226,115,20,37,16,62,80,70,27,10,66
138,91,208,127,227,176,65,60,43,16,53,49,207,44,23
132,78,24,35,43,84,106,101,41,15,27,17,16,23,11
136,380,590,72,63,90,15,0,59,0,0,0,0,0,0
98,83,76,14,96,26,197,13,146,14,64,66,35,18,29
222,119,261,270,108,89,139,0,42,0,0,0,0,0,0
142,196,153,55,34,42,12,0,0,26,94,28,45,0,0
60,53,65,39,31,120,88,45,37,10,30,62,14,53,9
15,42,69,19,54,45,38,5,24,36,15,83,3,26,18
65,151,97,70,56,52,127,29,61,24,44,25,70,31,27
132,124,80,184,103,140,185,121,31,84,68,46,60,73,49
404,247,140,75,59,140,103,4,37,0,12,0,0,0,0
125,21,40,52,27,195,193,5,76,7,39,54,47,20,19
59,63,319,93,210,118,76,61,33,8,9,32,0,34,25
18,26,61,105,20,84,9,7,11,11,15,9,0,0,0
15,88,102,131,62,96,49,39,23,20,90,93,95,16,16
132,111,86,127,150,83,144,100,82,2,31,85,26,13,26
10,41,58,55,19,8,67,13,13,61,6,36,34,0,10
58,137,56,75,5,44,63,72,122,42,13,35,25,0,11
99,54,15,71,137,89,40,0,60,8,7,0,0,0,0
196,125,160,154,86,151,69,91,37,13,10,71,13,24,1
67,58,187,248,50,358,289,49,101,97,79,27,408,17,166
67,19,47,282,89,34,99,0,14,16,110,11,80,16,0
79,89,96,163,138,32,59,132,17,0,76,20,14,56,11
53,0,103,94,146,142,79,29,28,19,54,86,9,97,19
0,0,11,68,94,25,109,0,37,0,62,50,0,31,44
41,52,12,10,15,64,42,29,44,28,28,17,37,11,21
179,75,49,79,72,80,185,25,40,38,95,100,13,0,30
100,47,71,26,41,105,61,35,89,48,55,25,68,47,0
37,41,69,91,96,43,68,50,102,24,25,57,42,34,23
265,93,156,118,269,138,222,69,147,13,10,23,0,0,95
147,268,168,105,67,323,117,73,180,15,120,115,147,45,32
142,138,184,280,86,69,168,0,43,33,184,123,74,82,0
102,184,9,18,50,78,66,26,40,46,41,36,10,35,16
81,42,43,131,38,128,154,71,90,70,52,8,8,14,15
84,155,80,70,69,28,127,56,0,22,9,0,31,0,46
66,70,130,207,51,2,52,102,101,25,39,67,99,13,122
85,120,112,74,88,88,110,68,66,34,0,2,48,54,42
85,20,0,193,70,108,189,30,36,24,25,14,0,171,17
9,66,40,188,48,163,26,9,10,45,0,40,30,14,0
50,242,77,162,113,49,135,19,15,15,8,30,20,2,208
241,248,160,85,164,161,204,38,0,0,30,37,0,16,0
0,0,20,0,58,0,49,9,39,0,0,0,0,15,13
131,168,301,256,331,92,315,75,76,90,89,112,186,102,162
200,145,84,32,74,186,0,62,0,17,68,0,18,0,0
69,119,93,59,50,125,246,54,24,35,0,58,48,11,30
70,39,211,49,73,153,78,14,111,92,89,111,81,66,46
259,26,121,154,116,120,264,26,21,0,12,68,5,12,5
229,157,102,78,99,66,209,21,67,11,7,26,18,10,21
146,36,30,0,163,67,14,0,0,13,10,7,0,0,0
48,256,226,73,89,102,91,41,69,0,0,88,31,9,11
49,180,73,47,36,39,49,131,3,14,49,10,6,0,0
51,43,30,326,41,25,54,0,70,25,74,23,12,10,0
128,153,63,119,77,233,77,0,46,41,10,51,46,29,12
79,90,14,119,234,209,35,0,65,0,72,23,15,0,12
84,98,17,53,131,150,84,36,16,39,59,15,0,0,42
0,36,17,126,87,42,16,27,0,0,0,18,22,0,0
280,99,202,19,111,146,33,0,37,30,34,145,90,0,26
0,0,0,98,0,16,195,281,50,0,0,0,0,0,0
603,102,216,232,283,293,118,43,54,0,44,0,0,0,0
36,109,170,112,101,29,45,0,61,16,10,86,0,0,0
334,103,111,198,59,75,89,35,36,31,65,68,61,35,79
96,87,147,24,78,69,277,0,22,0,0,24,44,21,0
103,65,134,93,130,32,44,19,0,24,30,0,0,0,0
0,37,42,56,177,41,0,0,0,24,0,16,26,0,0
165,89,95,22,101,48,21,0,56,0,0,35,0,0,13
94,158,103,116,170,138,34,0,16,61,55,91,0,32,105
152,72,94,53,169,77,66,0,36,54,50,11,0,0,0
16,44,169,143,61,51,119,42,37,75,144,68,63,5,38
119,32,178,124,84,102,49,38,56,13,0,41,0,0,0
166,199,289,128,177,392,257,88,103,49,83,103,87,62,100
82,234,150,82,99,273,216,50,144,50,37,275,75,136,90
12,48,102,48,0,0,0,41,31,46,26,14,0,0,0
156,117,51,225,21,325,116,20,45,11,68,122,11,50,0
141,0,85,4,62,6,28,21,25,14,0,55,64,0,39
137,123,101,136,152,143,104,57,49,33,43,20,35,99,16
240,127,121,115,217,99,85,103,90,64,51,48,0,12,0
43,17,43,36,36,24,3,29,32,24,35,2,0,7,41
109,112,37,74,103,21,12,0,0,8,0,0,0,0,0
24,18,18,34,4,30,0,0,9,0,30,12,5,0,9
96,133,28,14,90,0,0,10,21,3,4,30,31,11,59
118,86,115,134,81,0,138,0,0,4,0,92,55,48,62
220,116,47,117,102,31,53,0,39,6,21,0,4,0,0
56,79,21,52,0,20,38,16,0,0,0,0,0,0,0
103,0,0,0,0,0,0,0,0,0,0,0,0,0,0
104,104,45,3,116,211,181,48,21,0,0,6,6,0,13
124,43,50,161,71,148,64,0,34,0,66,37,68,0,0
21,310,114,86,48,74,46,9,140,9,1,32,2,8,10
193,385,197,172,65,105,207,0,91,0,63,16,7,0,0
70,150,212,135,173,105,146,28,160,27,10,60,24,30,8
83,6,112,288,116,52,91,11,50,0,5,12,12,16,0
187,270,239,261,218,83,11,21,0,10,27,0,0,0,10
81,75,17,111,74,144,4,0,25,25,27,0,0,0,24
233,264,139,99,142,177,63,0,0,0,39,0,0,0,0
12,54,131,77,120,56,81,0,20,18,50,0,45,0,31
39,49,20,331,57,188,34,14,15,0,56,164,0,0,0
196,89,279,195,314,141,74,59,28,24,16,74,118,0,24
0,100,114,182,123,71,63,25,26,42,45,90,0,30,36
105,105,88,99,150,34,15,14,0,0,46,49,54,30,0
143,253,124,120,110,180,188,70,90,28,45,0,11,10,0
91,53,130,111,56,31,46,0,36,0,30,24,9,3,0
282,253,265,126,109,60,157,54,121,79,25,62,99,29,67
226,157,179,140,29,67,73,1,79,12,54,10,58,0,0
190,131,84,39,146,105,85,16,7,8,8,0,44,0,0
152,52,69,119,57,38,101,0,0,11,19,76,30,20,45
0,0,89,21,31,73,63,8,10,17,11,147,60,67,107
72,60,58,64,28,36,55,0,8,0,49,15,35,0,8
134,76,82,71,63,184,71,12,66,44,25,0,53,9,0
55,53,20,0,13,67,10,10,30,0,9,0,0,9,19
117,153,63,36,182,79,177,44,11,26,84,28,34,21,14
155,131,128,115,133,149,192,52,26,18,7,62,25,57,57
46,100,87,48,126,43,56,0,5,21,36,21,37,10,10
219,352,119,66,20,79,121,99,12,0,9,20,15,20,0
142,137,52,145,102,89,74,20,29,9,20,31,26,14,22
70,142,106,29,98,92,138,50,45,47,46,44,10,20,0
94,134,218,93,113,154,110,52,49,19,31,66,90,24,30
140,194,201,70,75,128,194,22,25,35,80,59,54,12,20
38,126,71,88,34,239,122,0,0,120,68,0,0,0,6
163,54,26,17,109,47,111,26,152,28,215,120,156,95,85
107,12,19,149,15,162,29,58,75,43,53,172,15,20,37
166,504,470,411,226,64,25,11,0,0,92,201,62,15,19
83,46,15,251,103,73,68,0,31,18,31,66,25,13,9
95,72,79,53,16,84,113,41,6,73,42,47,21,14,29
12,232,135,0,57,29,165,0,0,0,13,13,68,26,0
100,47,135,77,109,50,81,77,51,47,98,100,94,0,0
45,91,1,0,73,300,144,0,70,0,22,55,25,17,64
195,314,25,342,194,111,144,74,46,62,0,119,36,2,30
46,57,30,0,12,28,18,0,38,0,0,0,0,0,0
140,294,359,60,147,188,124,73,77,0,48,0,0,6,0
376,136,363,208,157,149,145,87,135,0,0,27,32,0,0
119,151,266,165,69,282,157,43,82,29,21,190,88,0,30
0,114,98,25,101,152,57,81,43,9,31,84,57,7,7
103,51,70,75,44,18,23,6,17,12,0,0,18,0,0
22,19,31,11,29,23,194,25,58,17,32,146,89,0,18
30,26,81,24,84,126,42,87,21,28,98,53,26,0,22
6,59,243,51,46,7,113,77,158,77,35,0,1,1,40
0,146,57,46,57,50,25,0,37,65,49,26,23,13,11
127,91,97,46,132,69,154,29,21,0,0,0,45,33,0
257,41,116,300,43,99,218,31,60,0,14,28,0,13,30
19,21,41,54,135,13,41,154,59,0,35,56,0,0,62
17,36,150,81,92,17,109,12,51,20,59,20,36,78,48
92,83,90,94,237,95,115,79,24,23,20,68,68,0,17
160,86,127,75,104,138,91,23,103,40,51,65,10,7,0
86,178,71,34,112,133,138,62,68,0,18,146,0,17,33
29,15,71,257,30,34,247,21,0,18,31,23,18,130,37
36,181,18,193,142,184,197,36,119,153,67,93,0,41,35
67,60,23,51,59,66,103,54,99,47,83,119,27,30,28
38,21,71,11,110,81,125,41,49,52,26,99,77,57,10
42,162,129,133,119,82,95,31,136,39,121,420,90,45,92
82,65,206,121,161,96,165,66,260,20,116,155,196,43,30
60,98,99,183,341,257,277,62,53,103,51,43,0,54,14
9,21,69,58,101,67,165,42,55,12,30,61,78,75,0
230,180,120,195,254,168,173,121,117,39,26,121,90,156,61
32,28,81,58,83,135,111,18,105,41,44,34,40,33,9
39,86,108,146,217,144,126,38,63,72,52,52,34,8,11
41,61,74,94,322,122,96,39,67,21,60,75,65,21,49
57,42,97,66,78,146,107,43,33,19,48,100,48,0,5
55,52,64,44,94,115,98,32,49,19,119,104,68,65,81
147,173,259,260,163,164,183,66,164,66,70,74,6,14,55
91,103,80,105,52,159,162,72,83,40,108,45,24,23,23
107,61,43,281,193,164,132,65,121,41,80,63,47,4,62
19,43,287,64,45,114,25,27,110,10,97,59,64,3,5
51,32,45,135,29,18,33,10,39,20,44,34,14,10,9
9,17,35,95,100,50,0,58,57,6,0,0,0,0,0
53,71,54,105,139,297,97,30,35,20,22,58,33,33,6
86,197,80,164,67,121,195,96,82,34,19,112,14,8,33
19,24,318,52,27,21,63,17,41,0,0,84,0,111,35
39,69,18,184,108,252,61,39,57,0,32,73,36,14,80
63,124,66,0,34,99,74,13,59,9,0,9,2,4,0
126,69,52,162,17,89,61,0,10,0,0,64,94,24,12
0,190,67,83,61,0,0,0,0,0,0,0,0,0,0
103,100,74,5,16,46,15,8,8,1,0,34,18,5,0
177,50,110,7,30,159,153,9,57,50,0,11,13,10,37
50,70,70,216,48,22,60,26,7,14,59,19,10,14,18
74,112,114,0,23,0,133,163,71,0,0,21,0,0,0
110,93,211,43,106,127,99,69,53,0,196,22,19,17,16
269,64,215,99,94,90,63,17,53,97,114,99,125,16,193
190,136,240,123,289,171,292,101,194,35,95,60,1,46,92
70,56,87,132,432,114,108,34,122,54,83,94,35,115,97
99,64,0,18,31,21,14,37,60,41,15,52,0,68,16
65,62,0,106,63,57,14,24,31,0,6,40,0,9,2
18,67,89,19,104,42,47,13,43,55,19,30,38,24,11
48,139,76,208,151,95,101,75,103,41,21,35,19,16,149
34,71,151,152,89,97,152,28,67,44,68,86,94,20,13
307,147,224,125,141,106,10,8,35,61,0,9,72,0,0
0,29,24,0,0,0,7,14,56,12,22,0,0,0,6
174,398,643,330,211,180,116,18,63,9,67,78,32,0,0
73,41,12,44,53,118,78,24,66,0,0,70,47,12,20
153,325,104,123,103,275,221,38,247,125,65,70,80,0,21
40,7,12,13,161,54,48,14,23,17,10,10,9,43,61
157,406,151,107,29,100,75,0,88,18,72,61,1,33,32
44,108,91,152,106,445,73,134,70,27,69,83,32,15,57
64,100,68,37,24,105,124,20,75,16,146,68,44,17,34
101,31,113,113,208,72,88,51,27,8,37,46,17,7,23
60,107,94,81,126,257,138,116,106,24,70,93,23,55,11
93,145,191,156,71,148,119,58,85,25,86,68,42,0,18
75,195,110,14,65,174,94,0,53,0,0,83,20,118,0
331,106,144,155,90,154,218,23,23,46,212,25,33,34,12
20,205,282,189,95,218,124,0,25,57,47,30,0,0,0
54,105,169,222,74,41,203,27,12,47,13,70,0,0,8
20,19,64,110,164,101,28,13,18,120,0,0,75,48,18
11,37,89,61,30,9,54,0,29,5,73,5,0,0,0
32,55,27,108,146,62,108,40,30,40,89,61,62,8,50
300,130,87,50,108,91,46,73,84,32,56,94,49,0,0
105,37,57,73,14,105,125,29,0,22,35,47,19,27,0
177,58,137,52,76,95,129,191,65,10,25,70,10,0,0
0,101,32,57,46,10,66,0,33,41,18,43,23,53,0
82,52,59,64,13,83,82,46,78,119,0,52,14,0,11
72,204,36,133,24,220,46,34,0,0,7,42,15,0,18
73,267,45,12,22,1,177,36,7,20,218,0,0,19,0
22,76,62,122,257,53,317,42,39,64,52,48,0,0,20
37,31,87,70,37,0,98,51,30,21,32,64,67,0,0
203,25,329,72,19,0,190,18,78,66,24,127,22,3,9
501,226,250,135,245,177,292,37,109,61,49,37,36,44,25
57,94,291,121,168,151,113,12,18,43,24,33,12,0,0
68,203,145,75,186,89,319,48,30,104,81,162,92,19,92
93,65,92,146,33,187,207,101,150,38,66,28,0,0,83
272,62,96,44,141,181,170,26,49,44,11,81,22,39,0
76,84,96,41,49,121,73,63,39,35,82,32,22,0,38
83,26,95,87,173,91,87,42,61,53,110,54,113,22,28
202,117,11,132,126,80,176,10,35,9,51,16,15,31,23
46,33,91,28,88,19,88,16,54,84,32,22,0,0,21
110,141,18,45,99,40,99,23,37,0,31,23,37,0,7
65,33,106,40,14,12,23,45,122,53,0,23,0,0,0
80,138,188,194,67,205,287,72,196,105,77,38,43,28,123
121,151,198,94,192,135,127,58,112,148,67,164,57,27,39
56,0,71,106,54,122,97,17,31,0,21,29,51,87,9
132,141,98,38,72,158,135,106,81,153,15,99,44,16,30
52,80,54,160,89,76,72,19,46,0,33,79,57,8,0
73,35,23,96,144,112,150,8,80,17,31,41,37,58,65
175,440,72,321,241,84,179,37,111,36,19,39,76,15,56
82,94,72,33,173,160,127,64,11,0,55,37,18,29,10
78,77,56,72,44,46,53,40,61,52,43,31,64,47,12
156,68,84,60,71,54,163,22,54,20,35,32,13,8,30
73,85,46,37,59,224,124,42,30,0,90,95,51,37,0
178,184,144,104,142,87,233,77,93,86,28,62,28,13,0
265,168,175,223,59,164,272,58,44,187,41,92,84,0,0
166,368,129,170,190,172,120,25,59,98,34,85,0,0,0
164,66,146,115,100,163,119,70,128,13,46,138,62,0,54
140,140,102,104,74,173,68,64,91,12,13,107,32,0,13
94,166,114,50,260,125,190,61,85,49,60,124,47,200,41
0,69,0,42,78,32,137,14,67,27,119,179,169,214,107
76,44,56,9,162,65,155,49,113,65,25,39,10,6,15
161,101,179,628,50,223,173,80,135,27,63,26,15,25,11
113,149,40,43,70,53,83,75,44,25,88,114,138,95,332
94,21,30,214,143,50,214,0,60,92,0,269,54,0,0
0,15,51,41,89,14,25,23,0,13,31,77,46,44,0
96,92,83,72,76,8,274,38,60,25,22,89,20,39,0
62,50,171,139,108,96,142,61,72,101,139,112,85,84,23
77,15,27,159,61,59,109,0,71,55,53,30,29,0,0
74,220,109,70,494,125,165,39,236,34,62,84,65,54,18
0,0,52,26,0,53,11,27,0,0,31,36,21,93,0
52,424,126,51,277,148,201,0,37,56,49,91,0,12,0
0,68,0,35,11,61,95,15,71,34,26,29,28,14,13
61,18,108,70,113,66,70,16,72,16,29,11,54,0,19
28,2,87,52,36,29,58,15,57,39,34,44,8,10,10
32,55,97,96,42,50,86,68,106,84,56,156,111,42,77
61,83,46,196,143,43,109,39,0,0,89,70,37,24,15
48,72,108,7,22,78,116,6,17,25,44,63,12,5,15
107,287,60,237,195,150,370,60,41,79,74,175,34,29,153
98,83,100,87,162,173,72,56,85,31,52,41,36,28,12
58,129,105,6,24,62,42,19,37,40,23,19,6,6,4
0,0,0,0,0,57,52,28,217,26,41,279,285,64,292
0,0,112,63,84,171,128,32,68,87,50,85,59,45,0
0,0,0,0,0,34,48,184,151,75,108,193,157,106,207
0,0,0,0,0,13,0,0,19,14,84,102,209,44,133
0,0,0,0,0,22,38,38,48,13,80,185,236,59,67
0,0,0,0,24,13,87,67,42,54,183,163,110,56,72
0,22,0,0,9,0,26,39,34,76,144,270,265,57,111
0,0,0,0,0,0,86,39,0,0,103,305,130,120,134
0,17,0,0,0,0,20,16,117,0,20,170,206,286,117
0,0,0,0,0,0,33,35,64,119,53,127,294,95,173
8,0,0,0,26,20,39,20,40,0,19,8,0,53,232
15,0,12,9,0,0,15,0,94,51,271,162,42,50,89
0,0,0,0,0,61,0,0,0,0,0,0,88,16,73
32,30,9,46,23,43,33,40,36,52,154,56,145,267,135
0,0,39,42,0,16,16,91,53,25,122,281,380,142,465
126,60,83,91,169,128,166,29,27,60,45,162,38,35,24
103,36,79,96,53,164,115,37,63,43,26,44,75,9,32
32,46,9,43,62,76,82,11,0,17,17,65,0,10,17
23,19,288,196,203,166,162,0,29,20,0,15,41,0,0
58,38,204,358,216,170,240,30,42,63,22,88,25,34,0
58,43,32,96,244,362,144,145,33,21,16,79,0,43,0
126,32,13,37,87,218,124,44,29,13,41,13,27,0,26
38,138,97,197,203,216,267,57,95,58,50,73,153,30,34
101,19,62,418,269,197,239,29,138,0,34,48,30,20,18
49,76,0,223,190,174,87,105,20,60,84,20,40,0,8
63,0,106,49,163,298,298,25,183,11,0,12,51,0,4
32,112,31,65,165,122,20,45,12,82,27,37,0,14,0
0,0,0,20,0,0,92,73,201,221,344,652,319,334,83
0,135,186,426,280,60,54,24,15,0,0,0,50,0,0
0,0,0,0,0,35,148,46,115,96,138,607,314,143,266
100,109,158,119,241,91,124,40,57,59,74,134,73,37,106
0,95,278,571,304,146,50,66,96,65,144,329,270,50,38
0,21,108,56,104,46,38,0,0,19,54,17,0,0,0
375,196,214,136,91,192,91,9,10,2,99,77,27,28,0
32,159,222,440,52,147,250,124,57,109,0,79,67,60,88
42,81,172,205,175,96,118,0,0,0,77,126,67,0,65
0,0,270,165,204,111,72,0,0,0,16,0,47,49,0
50,67,70,138,137,68,133,76,160,9,87,117,117,94,51
201,63,51,177,376,299,115,122,90,46,150,115,49,16,18
50,119,68,64,141,177,139,31,44,25,29,182,52,20,42
54,135,80,34,63,61,71,30,0,15,69,51,0,9,12
38,40,93,75,258,148,90,76,82,0,35,25,97,20,68
61,121,116,157,313,261,570,53,39,53,21,96,104,31,37
58,90,120,170,232,193,236,42,135,40,29,67,16,40,23
67,78,28,44,118,81,63,47,47,8,34,63,28,33,7
32,43,53,70,124,71,98,64,40,7,19,29,47,8,18
326,252,98,102,157,37,81,29,9,0,43,0,0,0,0
458,348,372,313,212,31,198,93,25,0,112,15,0,0,12
15,16,26,32,120,74,72,0,16,0,0,15,0,8,0
68,17,14,26,401,183,125,55,36,41,49,57,12,38,0
124,111,226,140,138,152,193,60,53,0,102,96,130,12,59
128,8,132,84,54,214,227,106,43,0,13,13,0,0,38
12,13,26,0,0,0,0,0,0,0,0,0,0,13,0
129,148,89,86,267,71,95,41,0,0,294,44,34,71,89
16,37,107,156,184,355,200,129,104,87,32,198,6,0,27
186,68,182,154,146,77,145,16,31,60,39,33,118,92,14
15,33,68,167,53,82,199,40,106,15,16,66,0,0,0
82,208,129,77,105,108,159,52,72,19,55,50,26,13,0
63,85,61,44,91,242,86,67,17,49,74,32,0,0,12
41,53,105,162,271,349,77,46,26,0,11,14,0,8,0
124,28,242,204,169,327,228,8,73,35,69,69,104,13,0
43,112,173,137,225,124,105,25,35,45,45,58,39,0,0
77,118,89,56,69,76,145,206,118,32,26,54,43,43,46
60,39,115,131,192,349,376,127,179,68,28,119,21,22,45
27,0,17,7,29,64,87,8,7,0,1,37,51,158,284
73,51,220,113,63,35,29,0,17,20,0,0,0,0,0
268,258,201,70,127,132,82,0,0,17,0,26,20,0,0
130,0,149,201,510,450,218,121,92,0,185,205,18,17,57
46,129,73,117,52,30,18,47,69,0,24,24,15,24,0
78,50,21,186,127,150,92,20,21,41,34,27,16,7,6
87,18,21,36,135,209,185,61,31,19,18,19,13,0,41
351,276,184,277,71,31,119,76,41,0,68,65,14,102,34
0,70,269,215,107,127,43,50,25,50,0,50,0,0,0
185,275,126,88,77,54,55,14,50,39,14,15,33,0,0
14,15,26,124,110,23,52,6,0,0,0,12,0,0,0
516,380,106,60,52,44,18,26,11,0,35,0,0,0,0
202,212,321,327,119,36,62,22,0,9,7,109,0,21,0
73,109,145,155,165,305,135,81,180,63,142,81,34,45,66
35,60,31,65,123,103,215,119,4,32,87,63,69,95,14
0,7,6,0,0,0,0,0,6,0,0,0,0,0,0
186,46,59,55,18,35,49,17,36,9,28,11,76,8,35
34,9,9,0,0,0,0,0,0,0,0,0,0,0,0
39,59,64,28,41,82,63,27,69,22,31,59,38,32,71
130,508,272,380,381,472,477,125,269,89,52,16,45,14,10
108,133,92,31,23,103,190,60,145,80,33,48,11,29,37
118,160,280,73,163,0,59,0,50,0,0,13,0,0,0
96,110,158,37,242,89,61,39,39,69,28,4,14,22,57
74,33,44,78,110,124,117,9,10,14,74,35,0,8,29
92,165,198,168,30,59,75,22,98,114,47,98,19,25,0
15,112,37,89,68,197,69,0,41,12,38,69,33,29,0
262,178,176,56,58,34,204,101,54,23,51,52,5,57,25
0,0,96,0,10,0,17,6,0,0,11,63,43,39,18
85,0,0,114,0,16,3,0,0,0,14,20,19,0,0
0,0,116,112,99,0,0,0,279,33,0,108,14,39,0
0,242,0,84,107,0,14,0,57,0,0,23,27,51,0
532,328,45,37,11,11,183,0,21,15,0,0,0,0,0
110,48,131,145,68,211,109,36,154,23,98,245,164,94,31
88,68,0,144,123,49,0,0,42,0,0,42,5,0,0
0,182,0,6,106,40,31,20,21,3,15,153,34,0,0
137,175,344,157,75,89,12,16,48,14,34,43,0,17,36
0,0,10,11,0,0,0,0,0,0,0,0,0,0,0
146,131,187,144,20,0,13,0,0,0,0,0,4,0,0
